"Gene","1","2","3","4","5a","5b","6","SP","MouseEnsID","MouseSym","HumanEnsID","Label"
"Lhx5",1,0,0,0,0,0,0,0,"ENSMUSG00000029595","Lhx5","ENSG00000089116","1"
"A930038C07Rik",1,0,0,0,0,0,0,0,"ENSMUSG00000049001","Ndnf","ENSG00000173376","1"
"RELN",1,0,0,0,0,0,0,0,"ENSMUSG00000042453","Reln","ENSG00000189056","1"
"9830123M21Rik",0,1,0,0,0,0,0,0,"ENSMUSG00000051985","Igfn1","ENSG00000163395","2"
"Rgs8",0,1,0,0,0,0,1,0,"ENSMUSG00000042671","Rgs8","ENSG00000135824","2/6"
"Cartpt",0,0,1,0,0,0,0,0,"ENSMUSG00000021647","Cartpt","ENSG00000164326","3"
"Tle1",0,1,1,0,0,0,0,0,"ENSMUSG00000008305","Tle1","ENSG00000196781","2/3"
"Tle3",0,1,1,0,0,0,0,0,"ENSMUSG00000032280","Tle3","ENSG00000140332","2/3"
"Mdga1",0,1,1,0,0,0,0,0,"ENSMUSG00000043557","Mdga1","ENSG00000112139","2/3"
"Satb2",0,1,1,0,0,0,0,0,"ENSMUSG00000038331","Satb2","ENSG00000119042","2/3"
"Kcnip2",0,0,0,1,0,0,0,0,"ENSMUSG00000025221","Kcnip2","ENSG00000120049","4"
"RorB",0,0,0,1,0,0,0,0,"ENSMUSG00000036192","Rorb","ENSG00000198963","4"
"Cyp39a1",0,0,0,1,0,0,0,0,"ENSMUSG00000023963","Cyp39a1","ENSG00000146233","4"
"lhx2",0,1,1,1,0,0,0,0,"ENSMUSG00000000247","Lhx2","ENSG00000106689","2/3/4"
"unc5d",0,1,1,1,0,0,0,0,"ENSMUSG00000063626","Unc5d","ENSG00000156687","2/3/4"
"gpr6",0,1,1,1,0,0,0,0,"ENSMUSG00000046922","Gpr6","ENSG00000146360","2/3/4"
"mef2c",0,1,1,1,0,0,0,0,"ENSMUSG00000005583","Mef2c","ENSG00000081189","2/3/4"
"dtx4",0,1,1,1,0,0,0,0,"ENSMUSG00000039982","Dtx4","ENSG00000110042","2/3/4"
"cux1",0,1,1,1,0,0,0,0,"ENSMUSG00000029705","Cux1","ENSG00000257923","2/3/4"
"cux2",0,1,1,1,0,0,0,0,"ENSMUSG00000042589","Cux2","ENSG00000111249","2/3/4"
"kitlg",0,1,1,1,0,0,0,0,"ENSMUSG00000019966","Kitl","ENSG00000049130","2/3/4"
"Bhlhe22",0,1,1,1,1,1,0,0,"ENSMUSG00000025128","Bhlhe22","ENSG00000180828","2/3/4/5a/5b"
"PlxnD1",0,1,0,0,1,0,0,0,"ENSMUSG00000030123","Plxnd1","ENSG00000004399","2/5a"
"Pou3F1",0,1,1,1,0,1,0,0,"ENSMUSG00000090125","Pou3f1","ENSG00000185668","2/3/4/5b"
"MarcksL1",0,1,0,0,0,1,0,0,"ENSMUSG00000047945","Marcksl1","ENSG00000175130","2/5b"
"Brn1",0,1,1,1,0,1,0,0,"ENSMUSG00000045515","Pou3f3","ENSG00000198914","2/3/4/5b"
"Brn2",0,1,0,0,0,1,0,0,"ENSMUSG00000095139","Pou3f2","ENSG00000184486","2/5b"
"Etv1",0,0,0,0,1,1,0,0,"ENSMUSG00000004151","Etv1","ENSG00000006468","5a/5b"
"C030003D03Rik",0,0,0,0,0,1,0,0,"ENSMUSG00000049420","Tmem200a","ENSG00000164484","5b"
"Nefh",0,0,0,0,0,1,0,0,"ENSMUSG00000020396","Nefh","ENSG00000100285","5b"
"Cntn6",0,0,0,0,0,1,0,0,"ENSMUSG00000030092","Cntn6","ENSG00000134115","5b"
"Foxo1",0,0,0,0,0,1,0,0,"ENSMUSG00000044167","Foxo1","ENSG00000150907","5b"
"Opn3",0,0,0,0,0,1,0,0,"ENSMUSG00000026525","Opn3","ENSG00000054277","5b"
"Lix1",0,0,0,0,0,1,0,0,"ENSMUSG00000047786","Lix1","ENSG00000145721","5b"
"Syt9",0,0,0,0,0,1,0,0,"ENSMUSG00000062542","Syt9","ENSG00000170743","5b"
"S100A10",0,0,0,0,0,1,0,0,"ENSMUSG00000041959","S100a10","ENSG00000197747","5b"
"Oma1",0,0,0,0,0,1,0,0,"ENSMUSG00000035069","Oma1","ENSG00000162600","5b"
"Ldb2",0,0,0,0,0,1,0,0,"ENSMUSG00000039706","Ldb2","ENSG00000169744","5b"
"Crim1",0,0,0,0,0,1,0,1,"ENSMUSG00000024074","Crim1","ENSG00000150938","5b/SP"
"Pcp4",0,0,0,0,0,1,0,1,"ENSMUSG00000090223","Pcp4","ENSG00000183036","5b/SP"
"Rac3",0,1,1,0,0,1,0,0,"ENSMUSG00000018012","Rac3","ENSG00000169750","2/3/5b"
"Diaph3",0,1,1,0,0,1,0,0,"ENSMUSG00000022021","Diaph3","ENSG00000139734","2/3/5b"
"Bcl11B",0,0,0,0,0,1,1,0,"ENSMUSG00000048251","Bcl11b","ENSG00000127152","5b/6"
"Crym",0,0,0,0,0,1,1,0,"ENSMUSG00000030905","Crym","ENSG00000103316","5b/6"
"Otx1",0,0,0,0,0,1,1,0,"ENSMUSG00000005917","Otx1","ENSG00000115507","5b/6"
"Fezf2",0,0,0,0,0,1,1,0,"ENSMUSG00000021743","Fezf2","ENSG00000153266","5b/6"
"Igfbp4",0,1,1,0,0,1,1,0,"ENSMUSG00000017493","Igfbp4","ENSG00000141753","2/3/5b/6"
"Trb",0,0,0,0,0,1,1,0,"ENSMUSG00000018697","Aatf","ENSG00000275700","5b/6"
"Sox5",0,0,0,0,0,1,1,1,"ENSMUSG00000041540","Sox5","ENSG00000134532","5b/6/SP"
"Dkk3",0,0,0,0,0,1,1,0,"ENSMUSG00000030772","Dkk3","ENSG00000050165","5b/6"
"Tle4",0,0,0,0,0,1,1,0,"ENSMUSG00000024642","Tle4","ENSG00000106829","5b/6"
"Sema3e",0,0,0,0,0,1,1,0,"ENSMUSG00000063531","Sema3e","ENSG00000170381","5b/6"
"Nr4a3",0,0,0,0,0,0,1,0,"ENSMUSG00000028341","Nr4a3","ENSG00000119508","6"
"Lxn",0,0,0,0,0,0,1,0,"ENSMUSG00000047557","Lxn","ENSG00000079257","6"
"Foxp2",0,0,0,0,0,0,1,0,"ENSMUSG00000029563","Foxp2","ENSG00000128573","6"
"Ppp1r1b",0,0,0,0,0,0,1,0,"ENSMUSG00000061718","Ppp1r1b","ENSG00000131771","6"
"Igh6",0,0,0,0,0,0,1,0,"ENSMUSG00000076617","Ighm","ENSG00000211899","6"
"Id2",0,1,1,0,1,1,1,1,"ENSMUSG00000020644","Id2","ENSG00000115738","2/3/5a/5b/6/SP"
"Slitrk1",0,1,1,0,0,0,1,0,"ENSMUSG00000075478","Slitrk1","ENSG00000178235","2/3/6"
"Tbr1",0,1,1,0,0,1,1,0,"ENSMUSG00000035033","Tbr1","ENSG00000136535","2/3/5b/6"
"Lmo4",0,1,1,1,1,1,1,0,"ENSMUSG00000028266","Lmo4","ENSG00000143013","2/3/4/5a/5b/6"
"Lmo3",0,0,1,0,0,0,1,0,"ENSMUSG00000030226","Lmo3","ENSG00000048540","3/6"
"Nr4a2",0,0,0,0,0,0,0,1,"ENSMUSG00000026826","Nr4a2","ENSG00000153234","SP"
