Gene,1,2,3,4,5,6,6b,WM,Ensmbl,Species,Paper
C4orf31,1,0,0,0,0,0,0,0,ENSG00000144119,MH,Zeng
Chrna7,1,1,0,0,0,0,0,0,ENSG00000175344,MH,Zeng
Cnr1,1,1,0,0,0,1,0,0,ENSG00000118432,MH,Zeng
Cxcl14,1,1,0,0,0,0,0,0,ENSG00000145824,MH,Zeng
Reln,1,0,0,0,0,0,0,0,ENSG00000189056,MH,Zeng
Inpp4b,1,1,1,0,0,0,0,0,ENSG00000109452,MH,Zeng
Gsg1L,0,1,1,0,0,1,0,0,ENSG00000169181,MH,Zeng
Igsf11,0,1,1,0,0,0,0,0,ENSG00000144847,MH,Zeng
Kcnip2,0,1,1,0,0,0,0,0,ENSG00000120049,MH,Zeng
Pvrl3,0,1,0,0,0,0,0,0,ENSG00000164099,MH,Zeng
Rasgrf2,0,1,0,0,0,0,0,0,ENSG00000113319,MH,Zeng
Syt17,0,1,1,0,1,0,0,0,ENSG00000103528,MH,Zeng
Wfs1,0,1,0,0,0,0,0,0,ENSG00000109501,MH,Zeng
C1ql2,0,1,0,0,0,0,0,0,ENSG00000144119,H,Zeng
C20orf103,0,1,1,0,0,0,0,0,ENSG00000144119,MH,Zeng
Cartpt,0,1,0,0,0,0,0,0,ENSG00000164326,MH,Zeng
Calb1,0,1,1,0,0,0,0,0,ENSG00000104327,MH,Zeng
Cux2,0,1,1,1,0,0,0,0,ENSG00000111249,MH,Zeng
Atp2b4,0,1,0,0,1,1,0,0,ENSG00000058668,MH,Zeng
Cbln2,0,1,1,0,0,1,0,0,ENSG00000141668,MH,Zeng
Cck,0,1,1,0,0,1,0,0,ENSG00000187094,MH,Zeng
Fxyd6,0,1,1,0,1,1,0,0,ENSG00000137726,MH,Zeng
Penk,0,1,1,0,0,1,0,0,ENSG00000181195,MH,Zeng
Cacna1e,0,1,1,0,0,1,0,0,ENSG00000198216,H,Zeng
Kcnh4,0,1,1,0,0,1,0,0,ENSG00000089558,H,Zeng
Scn3b,0,1,1,0,0,1,0,0,ENSG00000166257,H,Zeng
Col24a1,0,1,1,0,1,1,0,0,ENSG00000171502,MH,Zeng
Crym,0,1,1,0,1,1,0,0,ENSG00000103316,MH,Zeng
Tpbg,0,0,1,0,1,1,0,0,ENSG00000283085,MH,Zeng
Bend5,0,0,1,0,1,0,0,0,ENSG00000162373,MH,Zeng
Col6a1,0,0,1,1,1,1,0,0,ENSG00000142156,MH,Zeng
Prss12,0,0,1,0,0,0,0,0,ENSG00000164099,MH,Zeng
Scn4b,0,1,1,0,1,0,0,0,ENSG00000177098,MH,Zeng
Syt2,0,1,1,0,1,0,0,0,ENSG00000143858,MH,Zeng
Lgals1,0,0,1,0,1,1,0,0,ENSG00000100097,H,Zeng
Mfge8,0,0,1,0,0,0,0,0,ENSG00000140545,H,Zeng
Sv2c,0,0,1,0,0,0,0,0,ENSG00000122012,H,Zeng
Sncg,0,0,1,0,1,1,0,0,ENSG00000173267,H,Zeng
Rorb,0,0,0,1,0,0,0,0,ENSG00000198963,MH,Zeng
Cacng5,0,0,0,1,0,0,0,0,ENSG00000075429,H,Zeng
Chrna3,0,0,0,1,0,0,0,0,ENSG00000080644,H,Zeng
Grik4,0,0,0,1,0,1,0,0,ENSG00000149403,H,Zeng
Kcnip1,0,0,0,1,0,0,0,0,ENSG00000182132,H,Zeng
Pdyn,0,0,0,1,0,0,0,0,ENSG00000101327,,Zeng
Trib2,0,0,0,1,1,0,0,0,ENSG00000071575,MH,Zeng
Cpne7,0,0,0,0,1,1,0,0,ENSG00000178773,MH,Zeng
Etv1,0,0,0,0,1,1,0,0,ENSG00000006468,MH,Zeng
Fam3c,0,1,0,1,1,0,0,0,ENSG00000196937,MH,Zeng
Tox,0,0,0,0,1,1,0,0,ENSG00000198846,MH,Zeng
Vat1l,0,0,0,0,1,0,0,0,ENSG00000171724,MH,Zeng
Kiaa1456,0,1,1,1,1,1,0,0,ENSG00000082482,MH,Zeng
Htr2c,0,0,0,0,1,0,0,0,ENSG00000147246,H,Zeng
B3galt2,0,0,0,0,1,1,0,0,ENSG00000162630,MH,Zeng
Kcnk2,0,0,0,0,1,1,0,0,ENSG00000082482,MH,Zeng
Pcp4,0,0,1,1,1,1,0,0,ENSG00000183036,MH,Zeng
Pde1a,0,0,0,1,1,1,0,0,ENSG00000115252,MH,Zeng
Rprm,0,0,0,0,1,1,0,0,ENSG00000177519,MH,Zeng
Rxfp1,0,0,0,0,1,1,0,0,ENSG00000171509,MH,Zeng
Gabra5,0,0,0,0,1,1,1,0,ENSG00000186297,MH,Zeng
Pcdh20,0,0,0,0,1,1,0,0,ENSG00000280165,MH,Zeng
Kcna1,0,0,1,0,1,1,0,0,ENSG00000111262,H,Zeng
Cdh24,0,0,0,0,0,1,1,1,ENSG00000139880,MH,Zeng
Cyr61,0,0,0,0,0,1,1,1,ENSG00000145824,MH,Zeng
Foxp2,0,0,0,0,0,1,0,0,ENSG00000128573,MH,Zeng
Ntng2,0,0,0,0,1,1,0,0,ENSG00000196358,MH,Zeng
Syt10,0,0,0,0,0,1,0,0,ENSG00000110975,MH,Zeng
Syt6,0,0,0,0,0,1,0,0,ENSG00000134207,MH,Zeng
Th,0,0,0,0,0,1,0,0,ENSG00000180176,MH,Zeng
Tle4,0,0,0,0,0,1,1,0,ENSG00000106829,MH,Zeng
Tmem163,0,0,1,0,0,1,0,0,ENSG00000152128,MH,Zeng
Akr1c2,0,0,0,0,0,1,0,0,ENSG00000151632,H,Zeng
Akr1c3,0,0,0,0,0,1,0,0,ENSG00000196139,H,Zeng
Anxa1,0,0,0,0,0,1,0,0,ENSG00000135046,H,Zeng
Npy2r,0,0,0,0,0,1,0,0,ENSG00000185149,H,Zeng
Oprk1,0,0,0,0,0,1,0,0,ENSG00000082556,H,Zeng
Pcdh17,0,0,0,0,0,1,1,0,ENSG00000118946,H,Zeng
Sema3c,0,0,0,0,0,1,0,0,ENSG00000075223,H,Zeng
Synpr,0,0,0,0,0,1,0,0,ENSG00000163630,H,Zeng
Adra2a,0,0,0,0,0,0,1,1,ENSG00000150594,MH,Zeng
Ctgf,0,0,0,0,0,0,1,1,ENSG00000103316,MH,Zeng
Nr4a2,0,0,0,0,0,1,1,1,ENSG00000153234,MH,Zeng